target_name	targetTaxonomicAssay	targetTaxonomicScope	target_gene	target_subfragment	ampliconSize	pcr_primer_forward	pcr_primer_reverse	pcr_primer_name_forward	pcr_primer_name_reverse	pcr_primer_reference_forward	pcr_primer_reference_reverse
Fish-12S-MiFish-Miya	Actinopterygii	Also captures non-target: Bacteria	12S rRNA (SSU mitochondria)	V5-V6	251 | 258	GTCGGTAAAACTCGTGCCAGC	CATAGTGGGGTATCTAATCCCAGTTTG	MiFish-U-F	MiFish-U-R	https://doi.org/10.1098/rsos.150088	https://doi.org/10.1098/rsos.150088
Fish-12S-MiFish-Miya-Wangensteen	Actinopterygii	Also captures non-target: Vertebrates, bacteria	12S rRNA (SSU mitochondria)	V5-V6	251 | 258	GCCGGTAAAACTCGTGCCAGC	CATAGTGGGGTATCTAATCCCAGTTTG	MiFish-U-F-V2	MiFish-U-R	https://doi.org/10.1098/rsos.150088 | https://doi.org/10.1002/edn3.14	https://doi.org/10.1098/rsos.150088
Fish-12S-Riaz	Actinopterygii	Also captures non-target: Vertebrates	12S rRNA (SSU mitochondria)	V5-V6	106	ACTGGGATTAGATACCCC	TAGAACAGGCTCCTCTAG	12S-Riaz-F	12S-Riaz-R	https://doi.org/10.1093/nar/gkr732	https://doi.org/10.1093/nar/gkr732
Cephalopod-18S-deJonge	Cephalopoda		18S rRNA (SSU eukaryote)		140 | 190	CGCGGCGCTACATATTAGAC	GCACTTAACCGACCGTCGAC	Ceph18S-F	Ceph18S-R	https://doi.org/10.1098/rsos.201388	https://doi.org/10.1098/rsos.201388
Anthozoa-28S-McCartin	Cnidaria: Anthozoa	Includes subclasses Hexacorallia and Octocorallia	28S rRNA (LSU eukaryote)		497	CGTGAAACCGYTRRAAGGG	TTGGTCCGTGTTTCAAGACG	Anth-28S-eDNA-F	Anth-28S-eDNA-R	https://doi.org/10.7717/peerj.18607	https://doi.org/10.7717/peerj.18607
Scleractinia-28S-McCartin	Cnidaria: Scleractinia	Targets order Scleractinia within subclass Hexacorallia	28S rRNA (LSU eukaryote)			AKGGAAACGAATGGRCTMAG	TCCTTGGTCCGTGTTTCAAG	Scler-28S-eDNA-F	Scler-28S-eDNA-R	https://doi.org/10.7717/peerj.18607	https://doi.org/10.7717/peerj.18607
Eukarya-ITS-White-Sterling	Eukarya	Fungi | diatoms	ITS1-ITS2		235 | 370	TCCGTAGGTGAACCTGCGG	CATCCACCGCTGAAAGTTGTAA	ITS1-F	ITS1-R-Pn	https://doi.org/10.1002/lno.12189	https://doi.org/10.1002/lno.12189
Eukarya-18S-V4-Stoeck	Eukarya	phytoplankton	18S rRNA (SSU eukaryote)	V4	377 | 380	CCAGCASCYGCGGTAATTCC	ACTTTCGTTCTTGATYRA	18S-V4-TAReuk454FWD1	18S-V4-TAReuk454REV3	https://doi.org/10.1111/j.1365-294X.2009.04480.x	https://doi.org/10.1111/j.1365-294X.2009.04480.x
Eukarya-18S-V4-Stoeck-Balzano	Eukarya	phytoplankton	18S rRNA (SSU eukaryote)	V4	377 | 380	CCAGCASCYGCGGTAATTCC	ACTTTCGTTCTTGATYRR	18S-V4-TAReuk454FWD1	18S-V4-TAReuk454REV3.V4RB	https://doi.org/10.1111/j.1365-294X.2009.04480.x	https://doi.org/10.3354/ame01740
Eukarya-18S-V4-Stoeck-NCOG	Eukarya	phytoplankton	18S rRNA (SSU eukaryote)	V4	377 | 380	CCAGCASCYGCGGTAATTCC	ACTTTCGTTCTTGATYR	18S-V4-TAReuk454FWD1	18S-V4-TAReuk454REV3.1	https://doi.org/10.1111/j.1365-294X.2009.04480.x	https://doi.org/10.3389/fmicb.2018.01998
Eukarya-18S-V4-Stoeck-Piredda	Eukarya	phytoplankton	18S rRNA (SSU eukaryote)	V4	377 | 380	CCAGCASCYGCGGTAATTCC	ACTTTCGTTCTTGATYRATGA	18S-V4-TAReuk454FWD1	18S-V4-TAReuk454REV3.Piredda	https://doi.org/10.1111/j.1365-294X.2009.04480.x	https://doi.org/10.1093/femsec/fiw200
Eukarya-18S-V9-AmaralZettler	Eukarya	phytoplankton | zooplankton	18S rRNA (SSU eukaryote)	V9	125 | 129	GTACACACCGCCCGTC	TGATCCTTCTGCAGGTTCACCTAC	18S-V9-1391F	18S-V9-EukB	https://cir.nii.ac.jp/crid/1570009750603612672	https://doi.org/10.1016/0378-1119(88)90066-2
Eukarya-18S-V9-AmaralZettler-alt	Eukarya	phytoplankton | zooplankton | other eukaryotes	18S rRNA (SSU eukaryote)	V9	125 | 129	TTGTACACACCGCCC	CCTTCYGCAGGTTCACCTAC	18S-V9-1389F	18S-V9-1510R	https://doi.org/10.1371/journal.pone.0006372	https://doi.org/10.1371/journal.pone.0006372
MarineMammal-Dloop-Baker	Marine mammals		D-loop		389	TCACCCAAAGCTGRARTTCTA	GCGGGTTGCTGGTTTCACG	Baker-M13dlp1.5-H	Baker-Oordlp4	https://doi.org/10.1046/j.1365-294x.1998.00380.x | https://doi.org/10.3389/fmars.2018.00133	https://doi.org/10.1046/j.1365-294x.1998.00380.x | https://doi.org/10.3389/fmars.2018.00133
Metazoa-16S-Kelly	Metazoa		16S rRNA (LSU mitochondria)		114	AGTTACYYTAGGGATAACAGCG	CCGGTCTGAACTCAGATCAYGT	Kelly-16S-Metazoa-Fwd	Kelly-16S-Metazoa-Rev	https://doi.org/10.7717/peerj.2444	https://doi.org/10.7717/peerj.2444
Metazoa-18S-V7V8-Machida	Metazoa		18S rRNA (SSU eukaryote)	V7-8	330	GYGGTGCATGGCCGTTSKTRGTT	GTGTGYACAAAGGBCAGGGAC	Machida-18S-V7V8-F	Machida-18S-V7V8-R	https://doi.org/10.1371/journal.pone.0046180	https://doi.org/10.1371/journal.pone.0046180
Metazoa-COI-Leray-Folmer	Metazoa		COI		313	GGWACWGGWTGAACWGTWTAYCCYCC	TAAACTTCAGGGTGACCAAAAAATCA	COI-mlCOIintF	COI-HCO2198	https://doi.org/10.1186/1742-9994-10-34	https://www.mbari.org/wp-content/uploads/2016/01/Folmer_94MMBB.pdf
Metazoa-COI-Leray-Geller	Metazoa		COI		313 | 349	GGWACWGGWTGAACWGTWTAYCCYCC	TANACYTCNGGRTGNCCRAARAAYCA	COI-mlCOIintF	COI-jgHCO2198	https://doi.org/10.1186/1742-9994-10-34	https://doi.org/10.1111/1755-0998.12138
Octocoral-mutS-Everett	Octocorallia		mutS			GCTTATCCAGATTGGTAAGTTCTATGAA	ACAGTCCTCTAAATTACAACTAGGAGAATA	Octo-eDNA-Mut2F	Octo-eDNA-Mut2R	https://doi.org/10.1016/j.dsr2.2017.09.008	https://doi.org/10.1016/j.dsr2.2017.09.008
Octocoral-mutS-Paragorgia	Octocorallia	Modified to also target Paragorgia	mutS			GCTTATCCAGATTGGTAAGTTCTATGAA	GCAGTCTTCTAAATTGCAACCGGGAGAATA	Octo-eDNA-Mut2F	Octo-eDNA-MutS-Paragorgia	https://doi.org/10.1016/j.dsr2.2017.09.008	missing: not provided
Bacteria-16S-V3V4-806R	Prokarya	Bacteria | Archaea | chloroplasts | mitochondria	16S rRNA (SSU prokaryote)	V3-V4		ACTCCTACGGGAGGCAGCAG	GGACTACHVGGGTWTCTAAT	16S-V3-338F	16S-V4-806R	https://cir.nii.ac.jp/crid/1570009750603612672	https://doi.org/10.1073/pnas.1000080107
Bacteria-16S-V3V4-806RB	Prokarya	Bacteria | Archaea | chloroplasts | mitochondria	16S rRNA (SSU prokaryote)	V3-V4		ACTCCTACGGGAGGCAGCAG	GGACTACNVGGGTWTCTAAT	16S-V3-338F	16S-V4-806RB	https://cir.nii.ac.jp/crid/1570009750603612672	https://doi.org/10.3354/ame01753
Bacteria-16S-V4-EMP	Prokarya	Bacteria | Archaea | chloroplasts | mitochondria	16S rRNA (SSU prokaryote)	V4	291	GTGYCAGCMGCCGCGGTAA	GGACTACNVGGGTWTCTAAT	16S-V4-515F-Y	16S-V4-806RB	https://doi.org/10.1111/1462-2920.13023	https://doi.org/10.3354/ame01753
Bacteria-16S-V4V5-Parada	Prokarya	Bacteria | Archaea | chloroplasts | mitochondria	16S rRNA (SSU prokaryote)	V4-V5	371 | 374	GTGYCAGCMGCCGCGGTAA	CCGYCAATTYMTTTRAGTTT	16S-V4-515F-Y	16S-V5-926R	https://doi.org/10.1111/1462-2920.13023	https://doi.org/10.1111/1462-2920.13023
Vertebrates-12S-MarVer1-Valsecchi	Marine vertebrates	Also captures some invertebrates	12S rRNA (SSU mitochondria)	V5-V6	202	CGTGCCAGCCACCGCG	GGGTATCTAATCCYAGTTTG	12S-MarVer1-F	12S-MarVer1-R	https://doi.org/10.1002/edn3.72	https://doi.org/10.1002/edn3.72
Vertebrates-16S-MarVer3-Valsecchi	Marine vertebrates	Also captures some invertebrates	16S rRNA (LSU mitochondria)		245	AGACGAGAAGACCCTRTG	GGATTGCGCTGTTATCCC	16S-MarVer3-F	16S-MarVer3-R	https://doi.org/10.1002/edn3.72	https://doi.org/10.1002/edn3.72
