assay_name	targetTaxonomicAssay	targetTaxonomicScope	target_gene	target_subfragment	ampliconSize	pcr_primer_forward	pcr_primer_reverse
Fish-12S-MiFish-Miya	Actinopterygii	Also captures non-target: Bacteria	12S rRNA (SSU mitochondria)	V5-V6	251 | 258	GTCGGTAAAACTCGTGCCAGC	CATAGTGGGGTATCTAATCCCAGTTTG
Fish-12S-MiFish-Miya-Wangensteen	Actinopterygii	"Also captures non-target: Vertebrates, bacteria"	12S rRNA (SSU mitochondria)	V5-V6	251 | 258	GCCGGTAAAACTCGTGCCAGC	CATAGTGGGGTATCTAATCCCAGTTTG
Fish-12S-Riaz	Actinopterygii	Also captures non-target: Vertebrates	12S rRNA (SSU mitochondria)	V5-V6	106	ACTGGGATTAGATACCCC	TAGAACAGGCTCCTCTAG
Cephalopod-18S-deJonge	Cephalopoda		18S rRNA (SSU eukaryote)		140 | 190	CGCGGCGCTACATATTAGAC	GCACTTAACCGACCGTCGAC
Anthozoa-28S-McCartin	Cnidaria: Anthozoa	Includes subclasses Hexacorallia and Octocorallia	28S rRNA (LSU eukaryote)		497	CGTGAAACCGYTRRAAGGG	TTGGTCCGTGTTTCAAGACG
Scleractinia-28S-McCartin	Cnidaria: Scleractinia	Targets order Scleractinia within subclass Hexacorallia	28S rRNA (LSU eukaryote)			AKGGAAACGAATGGRCTMAG	TCCTTGGTCCGTGTTTCAAG
Eukarya-ITS-White-Sterling	Eukarya	Fungi | diatoms	ITS1-ITS2		235 | 370	TCCGTAGGTGAACCTGCGG	CATCCACCGCTGAAAGTTGTAA
Eukarya-18S-V4-Stoeck	Eukarya	phytoplankton	18S rRNA (SSU eukaryote)	V4	377 | 380	CCAGCASCYGCGGTAATTCC	ACTTTCGTTCTTGATYRA
Eukarya-18S-V4-Stoeck-Balzano	Eukarya	phytoplankton	18S rRNA (SSU eukaryote)	V4	377 | 380	CCAGCASCYGCGGTAATTCC	ACTTTCGTTCTTGATYRR
Eukarya-18S-V4-Stoeck-NCOG	Eukarya	phytoplankton	18S rRNA (SSU eukaryote)	V4	377 | 380	CCAGCASCYGCGGTAATTCC	ACTTTCGTTCTTGATYR
Eukarya-18S-V4-Stoeck-Piredda	Eukarya	phytoplankton	18S rRNA (SSU eukaryote)	V4	377 | 380	CCAGCASCYGCGGTAATTCC	ACTTTCGTTCTTGATYRATGA
Eukarya-18S-V9-Lane-Medlin	Eukarya	phytoplankton | zooplankton	18S rRNA (SSU eukaryote)	V9	125 | 129	GTACACACCGCCCGTC	TGATCCTTCTGCAGGTTCACCTAC
Eukarya-18S-V9-AmaralZettler	Eukarya	phytoplankton | zooplankton | other eukaryotes	18S rRNA (SSU eukaryote)	V9	125 | 129	TTGTACACACCGCCC	CCTTCYGCAGGTTCACCTAC
MarineMammal-Dloop-Baker	Marine mammals		D-loop		389	TCACCCAAAGCTGRARTTCTA	GCGGGTTGCTGGTTTCACG
Metazoa-16S-Kelly	Metazoa		16S rRNA (LSU mitochondria)		114	AGTTACYYTAGGGATAACAGCG	CCGGTCTGAACTCAGATCAYGT
Metazoa-18S-V7V8-Machida	Metazoa		18S rRNA (SSU eukaryote)	V7-8	330	GYGGTGCATGGCCGTTSKTRGTT	GTGTGYACAAAGGBCAGGGAC
Metazoa-COI-Leray-Folmer	Metazoa		COI		313	GGWACWGGWTGAACWGTWTAYCCYCC	TAAACTTCAGGGTGACCAAAAAATCA
Metazoa-COI-Leray-Geller	Metazoa		COI		313 | 349	GGWACWGGWTGAACWGTWTAYCCYCC	TANACYTCNGGRTGNCCRAARAAYCA
Octocoral-mutS-Everett	Octocorallia		mutS			GCTTATCCAGATTGGTAAGTTCTATGAA	ACAGTCCTCTAAATTACAACTAGGAGAATA
Octocoral-mutS-Paragorgia	Octocorallia	Modified to also target Paragorgia	mutS			GCTTATCCAGATTGGTAAGTTCTATGAA	GCAGTCTTCTAAATTGCAACCGGGAGAATA
Bacteria-16S-V3V4-806R	Prokarya	Bacteria | Archaea | chloroplasts | mitochondria	16S rRNA (SSU prokaryote)	V3-V4		ACTCCTACGGGAGGCAGCAG	GGACTACHVGGGTWTCTAAT
Bacteria-16S-V3V4-806RB	Prokarya	Bacteria | Archaea | chloroplasts | mitochondria	16S rRNA (SSU prokaryote)	V3-V4		ACTCCTACGGGAGGCAGCAG	GGACTACNVGGGTWTCTAAT
Bacteria-16S-V4-EMP	Prokarya	Bacteria | Archaea | chloroplasts | mitochondria	16S rRNA (SSU prokaryote)	V4	291	GTGYCAGCMGCCGCGGTAA	GGACTACNVGGGTWTCTAAT
Bacteria-16S-V4V5-Parada	Prokarya	Bacteria | Archaea | chloroplasts | mitochondria	16S rRNA (SSU prokaryote)	V4-V5	371 | 374	GTGYCAGCMGCCGCGGTAA	CCGYCAATTYMTTTRAGTTT
Vertebrates-12S-MarVer1-Valsecchi	Marine vertebrates	Also captures some invertebrates	12S rRNA (SSU mitochondria)	V5-V6	202	CGTGCCAGCCACCGCG	GGGTATCTAATCCYAGTTTG
Vertebrates-16S-MarVer3-Valsecchi	Marine vertebrates	Also captures some invertebrates	16S rRNA (LSU mitochondria)		245	AGACGAGAAGACCCTRTG	GGATTGCGCTGTTATCCC
